farm path,farm path,farm path,farm path,farm path,farm path,farm path,farm path,farm path,farm path,farm path,farm path,farm path,farm path,farm path,farm path,farm path,farm path,farm path,farm path,farm path
farm path,plant,farm path,plant,farm path,plant,farm path,plant,farm path,plant,farm path,plant,farm path,plant,farm path,plant,farm path,plant,farm path,plant,farm path
farm path,plant,farm path,plant,farm path,plant,farm path,plant,farm path,plant,farm path,plant,farm path,plant,farm path,plant,farm path,plant,farm path,plant,farm path
farm path,plant,farm path,plant,farm path,plant,farm path,plant,farm path,plant,farm path,plant,farm path,plant,farm path,plant,farm path,plant,farm path,plant,farm path
farm path,plant,farm path,plant,farm path,plant,farm path,plant,farm path,plant,farm path,plant,farm path,plant,farm path,plant,farm path,plant,farm path,plant,farm path
farm path,plant,farm path,plant,farm path,plant,farm path,plant,farm path,plant,farm path,plant,farm path,plant,farm path,plant,farm path,plant,farm path,plant,farm path
farm path,plant,farm path,plant,farm path,plant,farm path,plant,farm path,plant,farm path,plant,farm path,plant,farm path,plant,farm path,plant,farm path,plant,farm path
farm path,plant,farm path,plant,farm path,plant,farm path,plant,farm path,plant,farm path,plant,farm path,plant,farm path,plant,farm path,plant,farm path,plant,farm path
farm path,plant,farm path,plant,farm path,plant,farm path,plant,farm path,plant,farm path,plant,farm path,plant,farm path,plant,farm path,plant,farm path,plant,farm path
farm path,plant,farm path,plant,farm path,plant,farm path,plant,farm path,plant,farm path,plant,farm path,plant,farm path,plant,farm path,plant,farm path,plant,farm path
farm path,plant,farm path,plant,farm path,plant,farm path,plant,farm path,plant,farm path,plant,farm path,plant,farm path,plant,farm path,plant,farm path,plant,farm path
farm path,farm path,farm path,farm path,farm path,farm path,farm path,farm path,farm path,farm path,farm path,farm path,farm path,farm path,farm path,farm path,farm path,farm path,farm path,farm path,farm path
farm path,plant,farm path,plant,farm path,plant,farm path,plant,farm path,plant,farm path,plant,farm path,plant,farm path,plant,farm path,plant,farm path,plant,farm path
farm path,plant,farm path,plant,farm path,plant,farm path,plant,farm path,plant,farm path,plant,farm path,plant,farm path,plant,farm path,plant,farm path,plant,farm path
farm path,plant,farm path,plant,farm path,plant,farm path,plant,farm path,plant,farm path,plant,farm path,plant,farm path,plant,farm path,plant,farm path,plant,farm path
farm path,plant,farm path,plant,farm path,plant,farm path,plant,farm path,plant,farm path,plant,farm path,plant,farm path,plant,farm path,plant,farm path,plant,farm path
farm path,plant,farm path,plant,farm path,plant,farm path,plant,farm path,plant,farm path,plant,farm path,plant,farm path,plant,farm path,plant,farm path,plant,farm path
farm path,plant,farm path,plant,farm path,plant,farm path,plant,farm path,plant,farm path,plant,farm path,plant,farm path,plant,farm path,plant,farm path,plant,farm path
farm path,plant,farm path,plant,farm path,plant,farm path,plant,farm path,plant,farm path,plant,farm path,plant,farm path,plant,farm path,plant,farm path,plant,farm path
farm path,plant,farm path,plant,farm path,plant,farm path,plant,farm path,plant,farm path,plant,farm path,plant,farm path,plant,farm path,plant,farm path,plant,farm path
farm path,plant,farm path,plant,farm path,plant,farm path,plant,farm path,plant,farm path,plant,farm path,plant,farm path,plant,farm path,plant,farm path,plant,farm path
farm path,plant,farm path,plant,farm path,plant,farm path,plant,farm path,plant,farm path,plant,farm path,plant,farm path,plant,farm path,plant,farm path,plant,farm path
farm path,farm path,farm path,farm path,farm path,farm path,farm path,farm path,farm path,farm path,farm path,farm path,farm path,farm path,farm path,farm path,farm path,farm path,farm path,farm path,farm path