Initial Number of fruit and shoot borer,Observation Period,Temperature (C),Humidity (%),Weather,Number of Observed fruit and shoot borer,Number of Infested Units,Infestation Rate
4,Day 1 (6:00 AM),24.2,90,Cool / Overcast,0,0,0.0%
4,Day 1 (5:00 PM),28.5,78,Cloudy,1,1,0.5%
4,Day 1 (6:00 PM),26.8,83,Dusk / Cloudy,1,1,0.5%
4,Day 2 (6:00 AM),23.8,93,Cool / Rainy,0,2,1.0%
4,Day 2 (5:00 PM),29,80,Rainy,1,0,0.0%
4,Day 2 (6:00 PM),27.1,85,Dusk / Rainy,2,2,1.0%
4,Day 3 (6:00 AM),24,91,Cool / Rainy,2,1,0.5%
4,Day 3 (5:00 PM),28.2,82,Rainy,1,0,0.0%
4,Day 3 (6:00 PM),26.5,86,Dusk / Rainy,2,0,0.0%
4,Day 4 (6:00 AM),24.8,88,Cool / Clear,5,1,0.5%
4,Day 4 (5:00 PM),29.5,75,Cloudy,2,1,0.5%
4,Day 4 (6:00 PM),27.6,80,Dusk / Clear,5,3,1.5%
4,Day 5 (6:00 AM),25.1,85,Cool / Clear,13,5,2.5%
4,Day 5 (5:00 PM),30.1,72,Sunny,5,5,2.5%
4,Day 5 (6:00 PM),28.2,78,Dusk / Clear,13,4,2.0%
4,Day 6 (6:00 AM),25,86,Cool / Clear,23,10,5.0%
4,Day 6 (5:00 PM),29.8,76,Sunny,7,10,5.0%
4,Day 6 (6:00 PM),27.9,81,Dusk / Clear,23,10,5.0%
4,Day 7 (6:00 AM),24.3,92,Cool / Rainy,26,13,6.5%
4,Day 7 (5:00 PM),28.7,81,Rainy,11,14,7.0%
4,Day 7 (6:00 PM),26.9,87,Dusk / Rainy,25,13,6.5%
4,Day 8 (6:00 AM),24.6,89,Cool / Overcast,26,15,7.5%
4,Day 8 (5:00 PM),29.2,79,Cloudy,10,13,6.5%
4,Day 8 (6:00 PM),27.3,84,Dusk / Cloudy,25,15,7.5%
4,Day 9 (6:00 AM),25.5,83,Cool / Clear,25,15,7.5%
4,Day 9 (5:00 PM),30.5,70,Sunny,10,14,7.0%
4,Day 9 (6:00 PM),28.6,76,Dusk / Clear,25,13,6.5%
4,Day 10 (6:00 AM),25.8,81,Cool / Clear,23,14,7.0%
4,Day 10 (5:00 PM),31,68,Sunny,8,13,6.5%
4,Day 10 (6:00 PM),29.1,74,Dusk / Clear,25,13,6.5%
4,Day 11 (6:00 AM),25.3,84,Cool / Clear,24,14,7.0%
4,Day 11 (5:00 PM),30.2,74,Sunny,8,14,7.0%
4,Day 11 (6:00 PM),28.4,79,Dusk / Clear,24,15,7.5%
4,Day 12 (6:00 AM),24.9,87,Cool / Overcast,21,14,7.0%
4,Day 12 (5:00 PM),29.6,77,Cloudy,9,15,7.5%
4,Day 12 (6:00 PM),27.7,82,Dusk / Cloudy,21,15,7.5%
4,Day 13 (6:00 AM),24.4,91,Cool / Rainy,17,15,7.5%
4,Day 13 (5:00 PM),28.9,83,Rainy,7,14,7.0%
4,Day 13 (6:00 PM),27,88,Dusk / Rainy,15,14,7.0%
4,Day 14 (6:00 AM),24.7,89,Cool / Overcast,30,19,9.5%
4,Day 14 (5:00 PM),29.4,80,Cloudy,10,17,8.5%
4,Day 14 (6:00 PM),27.5,85,Dusk / Cloudy,30,19,9.5%
4,Day 15 (6:00 AM),25.2,84,Cool / Clear,29,19,9.5%
4,Day 15 (5:00 PM),30,75,Sunny,10,19,9.5%
4,Day 15 (6:00 PM),28.1,80,Dusk / Clear,29,17,8.5%
